,Metric,Value
0,Annual Return,0.20006067041012052
1,Annual Volatility,0.012584560114041564
2,Sharpe Ratio,12.7188132886368
3,95% VaR,1441.6615979960716
